id,title,level,mail,type
1,asdasd,1,asd@asd.com,work
1,asdasd,1,asd@asd.com,work
1,asdasd,1,asd@asd.com,work
1,asdasd,1,asd@asd.com,work
1,asdasd,1,asd@asd.com,work
1,asdasd,1,asd@asd.com,work
1,asdasd,1,asd@asd.com,work
1,asdasd,1,asd@asd.com,work
1,asdasd,1,asd@asd.com,work
1,asdasd,1,asd@asd.com,work
1,asdasd,1,asd@asd.com,work
1,asdasd,1,asd@asd.com,work
1,asdasd,1,asd@asd.com,work
1,asdasd,1,asd@asd.com,work
1,asdasd,1,asd@asd.com,work
1,asdasd,1,asd@asd.com,work
1,asdasd,1,asd@asd.com,work
1,asdasd,1,asd@asd.com,work
1,asdasd,1,asd@asd.com,work